id,name,cusps,betti,torsion,volume,chernsimons,tets,hash,triangulation
1,K2_1,1,1,"[]",2.02988321282,6.74934665772e-17,2,f2b6e860a68efef4b845f3253c192acf,cPcbbblxu_bBba
2,K3_1,1,1,"[]",2.82812208833,-0.23653746663,3,c38e04b5c20672a9b5d0a80d13775178,dLQbbcceikn_abBrs
3,K3_2,1,1,"[]",2.82812208833,-0.153204133297,3,c920d502c8f96dd7d365084444bb8eca,dLQbcccpufw_baCb
4,K4_1,1,1,"[]",3.16396322888,0.155977016744,4,3bcd25e3d47ed6831681053dcc45d64d,ezPkbcdddlokks_babb
5,K4_2,1,1,"[]",3.33174423164,-0.0551535348786,4,9135e30ca76bf43226fa9d003a7ddb69,evQkbccddtwckr_bBBc
6,K4_3,1,1,"[]",3.47424776131,0.161753730378,4,96adff22bc57c55d7f27253cc0657be6,ewMkaccddrrnhw_bBRBrC
7,K4_4,1,1,"[]",3.60868906177,-0.113983164712,4,33dca7da572e450d9fc9feda4fb2402f,eLAkcccddlpkxk_abBRE
8,K5_1,1,1,"[]",3.41791483724,-0.151727481059,5,1140e9a2035ea3f7a81eddde9ef710fd,fLAMccccdeetpkqqn_baRGb
9,K5_2,1,1,"[]",3.42720524627,0.222133120842,5,636b44cfe28a51360caefabea010df0c,fMLPcabdeeewqjlxl_abBe
10,K5_3,1,1,"[]",3.4866601463,-0.00770744770367,5,50aac86000df2921ef6dabb2001f681c,fPLPcabdeeekhwpiq_baCb
11,K5_4,1,1,"[]",3.52850949674,0.167722845444,5,c73f22f8af7c8eb5a5fa660754eb33bc,fLAMccccdeetpkqqj_abBrR
12,K5_5,1,1,"[]",3.72029855634,-0.122733212082,5,b51c2b2e967d1318f16aebc65c16736e,fwMMcaccdeessvqxr_abBrL
13,K5_6,1,1,"[]",4.02612012674,0.106117551826,5,700f86b41d1efcffd58c6e77938dc361,fzAMcaccdeerrwhhn_abBrM
14,K5_7,1,1,"[]",4.05450402729,-0.233785981128,5,4663b6984d52b0d56c989354d123fe17,fzAMcaccdeekrwhhn_abBRL
15,K5_8,1,1,"[]",4.05686022424,-0.103415652499,5,02a5be41921e6804a7a2fdb0a19a1be5,fzwQcbcedeexxpurv_baEb
16,K5_9,1,1,"[]",4.05686022424,-0.186748985832,5,a51f11f97806a1ae9f8aae4578a795e2,fvPQcccddeecnjkrw_bBab
17,K5_10,1,1,"[]",4.08209138611,-0.217943103128,5,ade9d6a1a6e6a637ad09df8c27013360,fzzQcbbedeexrxshq_abBrC
18,K5_11,1,1,"[]",4.12490325181,-0.186696780689,5,96658054178015ec64615e2b11d41110,fvAQcbcddeeejkglr_bBrxRw
19,K5_12,1,1,"[]",4.12490325181,0.103363447355,5,b79b0b42ba75e889a76bf3d734a6872d,fwzQcadddeejxhqak_abBa
20,K5_13,1,1,"[]",4.12490325181,-0.020030114022,5,a81a2cfd4af05eb0e0cf21230642129d,fvPQccdeceewskskv_abBC
21,K5_14,1,1,"[]",4.18830637055,-0.104738209293,5,39214e47c69b7d3c9f9f263e1fe9f113,fPLPcbaddeeqjvras_abBrJ
22,K5_15,1,1,"[]",4.18858428648,-0.227097144959,5,61af9ef130c929ac7554a79fb5ab6b1c,fLPMcbdcceelsjnqn_bBrLRK
23,K5_16,1,1,"[]",4.29368283171,-0.170150831515,5,3a1012f91ea58bf6d573b7bac327afbf,fLzQccceddetkxkrk_BbRUrT
24,K5_17,1,1,"[]",4.32601442008,-0.22383033738,5,7dac3da6009364af19c5a442b262e167,fwAMcaccdeeswsahr_aBbRZ
25,K5_18,1,1,"[]",4.35338441754,0.212240488133,5,1e0168ab56cf60992710d6b17dcaa902,fzAMcaccdeekrkhqj_bBrVRU
26,K5_19,1,1,"[]",4.40083251612,0.202492498434,5,cbe68dcd86af7481104afbd649108e44,fvMQcceddeeldcsud_bahb
27,K5_20,1,1,"[]",4.59212569703,-0.187220178078,5,ce2e9bf67c419f48679af321c88876ea,fzLQcbededeltktsx_baib
28,K5_21,1,1,"[]",4.75170196552,-0.145047960169,5,170fb2948fc344834d8cc7581f835184,fvPQccdceeenjssjs_baBb
29,K5_22,1,1,"[]",4.85117075733,0.228927561389,5,1cfd0e7ac045a0d05f822b4ffc897e94,fvMQcdecdeemusbai_banb
30,K6_1,1,1,"[]",3.52619599074,0.242222319318,6,94a65a2fbc6db2c3f7d5e65ebc99d8b4,gPzLQabcefffrxxkuuh_bBCd
31,K6_2,1,1,"[]",3.55381991851,0.0200384939795,6,e9dd83cddab269a8ae579aef9ab8e9e1,gMzzQabcefffnhhrphe_bBCd
32,K6_3,1,1,"[]",3.58738678578,-0.177537049585,6,1ab3bf279d4ea75011ba136518cd18c0,gLMwQbcdcfffxxxnnkw_bar4b
33,K6_4,1,1,"[]",3.61020688149,-0.225461787437,6,eb1a19473ee7938bbeb42075857ecce0,gMzwQabcdfffjqhhwrj_abBseb
34,K6_5,1,1,"[]",3.83904072236,-0.0987845708165,6,74aefdcefe14f2a716c0995fcab2829e,gzPPPbdcedffejshjhs_bBrURT
35,K6_6,1,1,"[]",3.96785172856,0.220430655714,6,13679d4afb22e863cd11da1cbae97ba9,gPzwQabcdfffrxqhnow_basdbb
36,K6_7,1,1,"[]",3.99350454626,-0.108526949921,6,4e31e3aae6f327c25b1801e2974fb0b2,gMzwQabcdfffjqhxgsk_baSqbb
37,K6_8,1,1,"[]",4.29374957855,-0.0425477987242,6,ef048f2c2525ec615e2d0d408acbe51d,gMLLQabdefffjqwutkc_abBb
38,K6_9,1,1,"[]",4.30791720387,0.142512921913,6,4a5e2850ccf77a0201babf1b29c5f326,gMvMQabdefffjqstunc_abBf
39,K6_10,1,1,"[]",4.40083251612,-0.214174168233,6,84412f4710ac57d97427295036583cc6,gvwQQdcfdeffmsundsr_babb
40,K6_11,1,1,"[]",4.46179892256,-0.0525095015295,6,16d3de2c7db5e128302b4a62d65a12bb,gMzPPabceeffjxhjcaw_abBRU
41,K6_12,1,1,"[]",4.46592149029,0.239521831537,6,f676edfb0c5d57cc1dc2aff760f78f11,gMLPPabddeffjqwrhhs_abBr-
42,K6_13,1,1,"[]",4.47424448253,-0.137928871394,6,ef820b94b9c5dcaadf3a0c0edba856d5,gMvQPabddeffjqsjqqw_bBr-R+
43,K6_14,1,1,"[]",4.52921893803,-0.0439667584304,6,2b895af66f486ade81da500ee95bc369,gMLMPabddeffjxokahw_bBrYRX
44,K6_15,1,1,"[]",4.54708562374,0.0699778059198,6,8453b3dda8104686fd8c16505c952620,gPzzQabceeffjqqcjqk_bBsabR-
45,K6_16,1,1,"[]",4.54951830723,0.166292442441,6,544bc5827487d357fdea6b42f094782a,gMzPPabceeffjqhnoxk_basibb
46,K6_17,1,1,"[]",4.58752646977,-0.239220220044,6,8a3d75cc8fadabafe4823c14a2b23276,gPvQPbaddeffxjkwxqs_bar+b
47,K6_18,1,1,"[]",4.58840570425,0.16598214729,6,85cdddbf7c1c5450d1f4d15a785ac3bc,gvAQPbbddeffhrsrqqw_BaSgbB
48,K6_19,1,1,"[]",4.6119613745,-0.156147588636,6,1427212297eb4250c3b3c1dff0c9b2cf,gLLAQacdefefnkqqqwn_abBrC
49,K6_20,1,1,"[]",4.6119613745,-0.0728142553022,6,668950f31b65a21063e8eedf548cf865,gzzMQbbeeeffxrqhxak_abBf
50,K6_21,1,1,"[]",4.66383092277,-0.170161399743,6,679da7b44234ba4d7ec85e93cf03595b,gMzPPabceeffjqhnoxj_baSlbb
51,K6_22,1,1,"[]",4.76988960231,0.0725353974021,6,4ede2c892c5482be40db7f1e8c724dda,gzMLQbcdefefqqqjjjw_bBjI
52,K6_23,1,1,"[]",4.93524267828,0.212918514713,6,c0d7cbe5c60d7892765934cba9e37672,gvLQQefffedereadvww_bBKl
53,K6_24,1,1,"[]",4.99485640413,0.116481613349,6,1458ac470270f8f60d5c4044037b728e,gvAPQcdffefelkxexmk_baMb
54,K6_25,1,1,"[]",4.99558338327,-0.14958882491,6,d58cc535f6d9d6426746dcaa1ad1778b,gwLQPadeddffjqqxhqn_bBrSRR
55,K6_26,1,1,"[]",5.04489916292,-0.228447210396,6,b097a59852df6b608f34f5cfacbc20c4,gzMLQbcdefefxxxnnrr_abBE
56,K6_27,1,1,"[]",5.04637014469,0.163792908089,6,569a7331dfc1a810e107281a5a053348,gwLAQacedfefksqxhss_baR1b
57,K6_28,1,1,"[]",5.13794120187,-0.0217266939195,6,91ab9e6bb7bc94d4202edd32a0e763b7,gLvQQcdfefefdjepqus_bBcB
58,K6_29,1,1,"[]",5.14545247828,-0.103636880814,6,8d7b8836cd3ad5a22657b169d3de1724,gvPAQdcceeffbjbbkxk_abBrG
59,K6_30,1,1,"[]",5.15747713688,0.157887407988,6,da3826b9ed1325d854ab16095fe52443,gvPMQbeefdefkknxwvk_abBSkb
60,K6_31,1,1,"[]",5.18083252168,-0.137757833097,6,df5c0381c11e7861ff0057a481afc02b,gzvQQbddfeffxjgllrn_baRBb
61,K6_32,1,1,"[]",5.18270406061,-0.203593019283,6,6e56eb10e83cd53630bf72b476b27858,gMLLQabdfeefjqwqqkj_bBR2r3
62,K6_33,1,1,"[]",5.21256682232,-0.10336001261,6,3856a790555af2a88b2533ac6d798216,gvzQQcdeffefkgkpawh_abBb
63,K6_34,1,1,"[]",5.2386841008,1.23738022058e-16,6,78dd40d2dac7066bdd52129e3987c835,gzzMQbdeefffesiahlw_baab
64,K6_35,1,1,"[]",5.32248859933,-0.0562487802617,6,0d9445edab4736355623d9ac903012e5,gwzQPacdedffjnaxjxn_bBSlbsmb
65,K6_36,1,1,"[]",5.34821999071,-0.0818080270205,6,b4e60c95c95fa05d5450b75894399328,gMLLQabdfeefjqwhqkr_abBshb
66,K6_37,1,1,"[]",5.41330725517,-0.0140059440625,6,3795d92f6783c66ef0c2feb9922d18c7,gzLMQaceefffrnhskwo_abBF
67,K6_38,1,1,"[]",5.4248282774,-0.217566840182,6,b69bd0acc3b9426e6e31aa19d4e766da,gvwQQdcdffefmsbplnn_abBrx
68,K6_39,1,1,"[]",5.46350780121,0.148257048904,6,e91c8cb1e3b061d92655392424b6606e,gzLMQacdfeffjjxwgbv_abBrO
69,K6_40,1,1,"[]",5.50048641635,-0.181952811943,6,41019c731f56f17494736ed1edf2d3be,gLPLQbdceeffljvimwn_baib
70,K6_41,1,1,"[]",5.55651881635,-0.207615097128,6,44156856295fa6b594351f0a1d34a0f4,gzMLQacdfeffkrdowog_baHb
71,K6_42,1,1,"[]",5.56971543832,-0.14982645428,6,270e691d45a939ce16c0c45647d01d53,gLwPQbceefffhxtwjnc_baBb
72,K6_43,1,1,"[]",5.69302109128,-2.13729310828e-16,6,31f778db9875c74c2fea443af7695445,gvLQQddefeffcvgabaa_bBcB
73,K7_1,1,1,"[]",3.57388254056,-0.220016060833,7,399fc633fd357d2e827c2cbf8a86da69,hPzwPkbacdfgggxjxxkuuh_bBeD
74,K7_2,1,1,"[]",3.58891391779,0.0382116994219,7,58e964c7c47f7c4a8a3ee3019ab17423,hMzwPkabcdfgggjxxxkulx_bBBc
75,K7_3,1,1,"[]",3.6270400794,-0.110743609163,7,02ff55e119a0ef753ba5de76c69e62b8,hMzMLkabcdegggjxhhhwrj_abBssb
76,K7_4,1,1,"[]",3.63525118667,0.176063006487,7,4bb142720b8aaa45704ef61596b51d72,hPzMLkabcdegggrxqhhwrj_baSDbb
77,K7_5,1,1,"[]",3.90506656317,0.0826109403941,7,084e328fdb1238d1e22af3c6e244c365,hLwzQkcbfeegfghhhkwxjn_bBR2r3
78,K7_6,1,1,"[]",4.02890933158,0.126955455103,7,3b2d1f0ecf8152b524569131c51b8c71,hPzMLkabcdegggrhhxqcrj_bBS0bs1b
79,K7_7,1,1,"[]",4.03440324168,0.226013837233,7,e8f501c89888256a4bdb177dd8e791cd,hMzMLkabcdegggjqhxqcrj_bBsbcSac
80,K7_8,1,1,"[]",4.2798575657,-0.169317745676,7,300ee34274a532c848dcb35ad5c9b64d,hLAwPkbcbdgfgghhjhhnqx_baRSb
81,K7_9,1,1,"[]",4.35277119502,-0.139455436065,7,3a9ba4edb5fa07d006f78f0f730da709,hLAwPkcbbdfggghhrhshxq_abBSab
82,K7_10,1,1,"[]",4.35467010274,0.0176047291301,7,19ec813a2c7505523143f2a901d08b82,hMzLPkabcefgggjxhstunc_bBcB
83,K7_11,1,1,"[]",4.35978253291,0.196666140469,7,7b332ab2bdc6bd441607d16925bff026,hMzzPkabcefgggjxhwutkc_bBgF
84,K7_12,1,1,"[]",4.36003045117,0.213087125389,7,98715aaea062f4274ffad279e7957623,hwPMzkaccdefggjnkxxxxj_abBr9
85,K7_13,1,1,"[]",4.46284001305,-0.0975679860657,7,a577f403035a69f2fc81b6f935302076,hwPMzkaccdefggjnkxxxxn_bBSwbsxb
86,K7_14,1,1,"[]",4.46826434501,-0.184696799413,7,0d6a70e68bb1fb11bbef93f3c75dd2cc,hMzwAkabcdffggjxhhrwhw_abBSAb
87,K7_15,1,1,"[]",4.47895044489,-0.076132054925,7,c06353303fc9651ecc493a4866f7664d,hLMwMkcbdcffggqqxnrnxj_aBbssb
88,K7_16,1,1,"[]",4.48570291372,-0.14670088507,7,a51bbd46d8006d218e45018fa63f5991,hMzwAkabcdffggjqhhwrhr_abBSLb
89,K7_17,1,1,"[]",4.51180647352,0.244396789082,7,9d1adae1a90af35abec83f1b0fd2ad92,hPzwPkabcdffggjqqhkwhj_aBbSUb
90,K7_18,1,1,"[]",4.53499561149,-0.219944973006,7,56ff1c7b37a3a63cdfdb68511f63af99,hLvQPkcfdeggfgpifiqjrj_bBgF
91,K7_19,1,1,"[]",4.55376662492,-0.197154816966,7,8d0d8ec7a592ddc51ce9cdadf610b35b,hvLMQkfdgdeffghjhnwmuj_abBf
92,K7_20,1,1,"[]",4.56838402708,-0.212712212867,7,c07bd5518e88430356f34d0d37d89e10,hLLPAkbefdeeggxxxrlmxr_abBrO
93,K7_21,1,1,"[]",4.57464504324,-0.223055454942,7,0a4ce9ae9065c958f7b0e1f1449c6cbe,hPvQzkbaddefggxjknxxxj_abBSbb
94,K7_22,1,1,"[]",4.59210709525,-0.202998394215,7,05420b01efe420d438e92f5893463bca,hMzLAkabceefggjxhsjqqw_bBsybSxb
95,K7_23,1,1,"[]",4.59543706658,-0.0821152120209,7,0bf91872c2beb02de17f979c644c18fb,hMzzAkabceefggjxhwrhhs_abBsyb
96,K7_24,1,1,"[]",4.6080526219,-0.183590701428,7,bba9b9615b0dcfe01f4ec39cfb5c9e72,hwLzQkacdfgfggwjqjufti_baBb
97,K7_25,1,1,"[]",4.60992652434,-0.147282691846,7,8fc22f11d382c5be2a379df72d0d4f41,hzwAMkacedfgggrrpmhxsf_abBI
98,K7_26,1,1,"[]",4.63782289639,-0.0183410379261,7,2b33de39d2734a2a4d7aaa2eb7722e3d,hPLLMkabdfegggkxjpdxml_bBIj
99,K7_27,1,1,"[]",4.66145554739,-0.0102709154511,7,40658d23097f3c225989873dcc34baee,hPzPzkbaceefggxjxgnaqj_abBscb
100,K7_28,1,1,"[]",4.66328879817,0.220178338998,7,673c4a3876b50235a9992b66ea6a8115,hzzQzkbbddefggqwnsqqqw_Bbr8R9
101,K7_29,1,1,"[]",4.66730782062,0.0523983950744,7,f1cd51a353ff04d2abc86cb9009f754d,hPzwPkabcdffggrxqhwnxj_bBsWbSVb
102,K7_30,1,1,"[]",4.68848058127,-0.210800678537,7,1b72944a8921c7ae8f1d880351a0377f,hzLPAkbeddfeggxxnsxjhw_abBspb
103,K7_31,1,1,"[]",4.68947983789,-0.223072587722,7,79f6d9921f092c222682f9d866405d63,hMzwPkabcdffggkxhqskxr_aBbSec
104,K7_32,1,1,"[]",4.70155763423,-0.212466438528,7,9b15a61ad8db17d2183b10d71bd536d0,hPzzAkabceefggrhhrwhqn_abBSvb
105,K7_33,1,1,"[]",4.70790086357,-0.104887163559,7,daa97920eb1f6e1b9a5286946af28bcf,hMvQzkabddefggjqsjqqqn_bBSrbssb
106,K7_34,1,1,"[]",4.75499484254,-0.0603834834059,7,c4093e322db99dbe27c1b68092b02f6d,hPLMzkabddefggkxjgaxhs_bBr2R1
107,K7_35,1,1,"[]",4.76458493616,0.138333062049,7,3f02d3b99f83f0e3db28f43aef72892d,hLwMAkcbceefggqqjnsqqn_bBSubsvb
108,K7_36,1,1,"[]",4.80833191511,-0.217299726784,7,1c7156e63bd8cee32fce221c5ff45772,hMLMzkabddefggjxokxqhn_BbSJbsIb
109,K7_37,1,1,"[]",4.84091784344,-0.160214523221,7,6243eed12ba41d5ce1d3a390077c6931,hvMAMkdccefgfgqnbahxkk_baSibb
110,K7_38,1,1,"[]",4.84804861065,-0.114867581513,7,600d09f326e945bd301f107a5b0e92a5,hMLPzkabddefggjqwrhhhr_abBSQb
111,K7_39,1,1,"[]",4.85466333865,-0.13583194782,7,28dc98be5ea183c8b66e189c6476c5aa,hLLAAkacdefeggnkqqqwqw_abBrG
112,K7_40,1,1,"[]",4.85466333865,-0.0524986144869,7,9ae854b67b9f38a38cd775c0d31f2961,hzALPkbcbffgfgxxrhqaxn_bajb
113,K7_41,1,1,"[]",4.9335300727,-0.0527291664159,7,783233a6d46a666c91feed6726aa7968,hPzvQkbacfgffgqnhhaqxr_abBi
114,K7_42,1,1,"[]",4.94762400589,-0.190615424171,7,adb8669b06e9e04d9b13e98db914e33e,hLAPzkbcbeefggxhnjcqxk_bBs6bS5b
115,K7_43,1,1,"[]",4.97329564564,-0.20882426931,7,f2fd8d11c15022705af1f73135313c81,hvQMzkbbddefgghrwshxqs_bBs8bS7b
116,K7_44,1,1,"[]",4.99345656026,0.118406375442,7,9662f50746115786ce5b3408bc42ada1,hMzLPkabcffgfgjqhhqaxr_abBE
117,K7_45,1,1,"[]",5.1148414603,-0.16966684031,7,0c9ec93fb88788c1b46e0209f65f269d,hLvQPkbeefgffgmehhqqvw_bBpO
118,K7_46,1,1,"[]",5.14020656315,-0.0787606918158,7,2f1ceaf04a479ecce12c260249c80c7f,hLzMMkbbdfeggghjkdxdae_abBrr
119,K7_47,1,1,"[]",5.16583509689,-0.119943004541,7,ebd089eb0ff5f986ec2bbdaf98d962e3,hwLQzkadeddfggjqqxhqqw_bBR4r5
120,K7_48,1,1,"[]",5.1890499534,0.143711120586,7,6cf4e3ce5156ff38f12a4430b1e187cb,hMLLMkabdfegfgkqwhahnk_abBr+
121,K7_49,1,1,"[]",5.21927465942,0.12925600149,7,f9bf8ce62b38b048488b0507010f0f2d,hzMLAkbcdefeggqqqjjjqn_bBHi
122,K7_50,1,1,"[]",5.22537658491,0.164442330708,7,23dfae89fc9b1aaf6ec42d878abd2b87,hMzLPkabcegffgjqhkhhjj_bar6b
123,K7_51,1,1,"[]",5.24108057321,-0.00759382382819,7,b620f6ee4a0a515eaf2d580683a385c5,hPzzPkbacefgfgxjxkqawj_baSbbb
124,K7_52,1,1,"[]",5.25717856057,-0.223173759476,7,1e9ab2447b503345a226c161178c71f2,hwLQzkaeedefggjxqxhxxr_abBRZ
125,K7_53,1,1,"[]",5.25881410432,0.171186218012,7,cb5ee88721a23d3040d528b998aaf6c6,hvLMQkefegedfgfhshfksk_abBRT
126,K7_54,1,1,"[]",5.26280499344,0.0369678283994,7,11c58a79d02f626a03235f682c614e4f,hMvMAkabefeeggjqqaxhhn_baLb
127,K7_55,1,1,"[]",5.33947334119,0.0149554945205,7,2451cf54f3671645b44493a5c04f510d,hMvMAkabdfeeggjxkahjxj_abBShb
128,K7_56,1,1,"[]",5.34928266863,-0.112172436182,7,87a87056c9673ef3f6a9c4c4fed2da09,hPvPAkbaefeeggxjhhqxhk_bBr8R7
129,K7_57,1,1,"[]",5.37586245256,-0.128605256012,7,34976b7716e40fe7888b4fc3efd41793,hPvPAkbadfeeggxjnhxnqn_abBsfb
130,K7_58,1,1,"[]",5.37781447799,-0.177210310903,7,2aae2e31f003ccfcc268ce13d2d0276a,hzzAMkacedfgfgrkxxqxsr_baSwbb
131,K7_59,1,1,"[]",5.40911134128,-0.184004932516,7,aca177dcbe9036eb8105cbdc93ff5480,hMzzPkabcefgfgkxxkqawj_abBstb
132,K7_60,1,1,"[]",5.41958732071,-0.186265563632,7,b6d29b4fc781f28245665dc89fed0c05,hMzLPkabcegffgjqhkhhjw_baSzbb
133,K7_61,1,1,"[]",5.42554802153,0.152490515422,7,118fea5b86a820fd188fb218b991ca30,hzzAMkacedfgfgjchhxxnj_baSlbb
134,K7_62,1,1,"[]",5.42639796614,-0.177450366531,7,efac72344b2024dcb6dfa694e9c96d50,hMzLPkabcegffgjxhsqhnk_abBsEb
135,K7_63,1,1,"[]",5.43451893714,0.149555101072,7,d3801b1be9abf134b2c673a01cc7cc55,hLLAAkadedefggjmllsjxj_abBSjb
136,K7_64,1,1,"[]",5.47368625274,-0.121097881078,7,485a06fc8a6552eb463b588a5ef2248e,hzLAMkacedfgfgkfhxxqrj_bBsLbSKb
137,K7_65,1,1,"[]",5.47375747382,-0.217304481942,7,3cf3b0e10e6dd65ffb5a625d860afdc2,hwLPAkadefffggshahrwqj_abBJ
138,K7_66,1,1,"[]",5.48650516823,0.0590533589344,7,f3f999554b9f9b9b649aed9f66d15ef3,hPzzPkabcegffgjqqcaqkj_bBSrbssb
139,K7_67,1,1,"[]",5.48907036177,-0.0406238087667,7,3c661e073e88997b283bec0064162413,hMzLPkabcegffgjqhwhxjw_abBS4b
140,K7_68,1,1,"[]",5.5203080566,0.0590397250648,7,be0b492f776c2d82d69ba3b251e7d229,hzzwQkbbdfgfggqwnxnfss_abBRO
141,K7_69,1,1,"[]",5.52226249011,-0.0215366895727,7,17fb3e84dfd0bb86d633b0d02935e167,hMzLPkabcegffgjxhsqhnj_abBSIb
142,K7_70,1,1,"[]",5.5255992356,0.0542534438864,7,2db29b259346a06af6d9227184098b3e,hMvLQkabgfeefgkqaqqjkw_abBm
143,K7_71,1,1,"[]",5.52812617336,0.176892473519,7,e21a2e2ddea223da7c128785d83f11f3,hLLQzkacdedfggjkxarxxn_BbsPbSQb
144,K7_72,1,1,"[]",5.54249468809,0.115396825749,7,3474d9e033b9d2ce0e37554ec7dd8079,hMvwQkabefgggfkxxaxnkr_baeb
145,K7_73,1,1,"[]",5.54388605938,0.164685335777,7,8a087c1c672259ef97cd2cbe62489556,hMzvQkabcegffgjqhwhhjs_Bbs4bS5b
146,K7_74,1,1,"[]",5.54788269012,-0.135808139621,7,9e04b5c94da9057b50ae76303c97f9df,hMvMAkabefeeggjqqaxhhr_babb
147,K7_75,1,1,"[]",5.55020316738,-0.232233259703,7,a1e557b174929651c9fab7a024a28fa7,hvAMMkdcceffggqskaqbxr_abBRW
148,K7_76,1,1,"[]",5.55193475541,0.171609732188,7,228be6615972a616ecade0d14e8f310c,hwLAAkacedfeggjsqxhshr_abBsJb
149,K7_77,1,1,"[]",5.55993265944,0.24388214842,7,918df5bdc8f5f6abf3fb3530ec7c749b,hvMAAkccdeefggxnnaxkhs_abBc
150,K7_78,1,1,"[]",5.56671464471,-0.236875812944,7,d110a5e6fc0944bf957d3765c8579c81,hwzAAkacdefeggjnxxhnqn_basQbb
151,K7_79,1,1,"[]",5.59955941745,-0.199228618617,7,26d0f69bc4457309458937b7cb02244b,hMzLPkabcegffgjqhwhxjj_abBs7b
152,K7_80,1,1,"[]",5.63877294885,0.190989852057,7,61c31699c0551cd695c8b20cf25f60db,hvwPQkdfggfefgqxqtaijf_bajb
153,K7_81,1,1,"[]",5.64969857711,-0.186111189407,7,6958cef4904f5f860feb8f085a76e4fc,hPvPPkabdffgggkhjhkcrc_bBrGRF
154,K7_82,1,1,"[]",5.66111585556,0.243387559937,7,9965a2b31849fe109dac5e40a70264ad,hMLLAkabdfeeggjqwqqkxr_baSqbb
155,K7_83,1,1,"[]",5.66193313347,-0.13327962027,7,d9dc5d7d6905389e506d6b7f6098f684,hvMMPkbedfefggqqwlljsr_abBRB
156,K7_84,1,1,"[]",5.68694119805,-0.0671305213617,7,caa9d9e67bd15abad27e6e79c314e42f,hvPMAkeecdfeggwrrrhrxn_bBab
157,K7_85,1,1,"[]",5.69302109128,0.0833333333333,7,6bcc680729033a23e2ef7b3e9c5c34c7,hvvQQkedfegeggssdvabsr_baBb
158,K7_86,1,1,"[]",5.69844175094,-0.100298381331,7,d0ab0a4fc3121280f1d4baaa01c0c7f2,hvzPQkddgefeggosxjawsk_babb
159,K7_87,1,1,"[]",5.6990555859,-0.0959414372385,7,9c6f1f8a4404b44c219314ddff03e470,hvPLQkdcgefffgnkqoedew_bBR0r1
160,K7_88,1,1,"[]",5.71567169839,-0.0347595091812,7,e5cd4ff3c9e0f4c9fc46ea621cae6d3a,hMLLAkabdfeeggjqwhqkxj_abBsGb
161,K7_89,1,1,"[]",5.73210478678,-0.0721706738514,7,af30f3442e0e04c4e9d791c7b4ac23bd,hzvQAkbdfdefggikxsewhw_baab
162,K7_90,1,1,"[]",5.75078061347,0.0672908733898,7,1c967e40b553c9bf062d5c5539f96dcb,hvwAQkddegfeggmrxxhrkn_abBRK
163,K7_91,1,1,"[]",5.81712969283,-0.126209320595,7,74fd90176cebf7ba1c64f2dc046c12b2,hvzQMkeefdfgfgvbtklxij_bBjI
164,K7_92,1,1,"[]",5.82963473471,-0.0955848522322,7,6a78a61faa397f1df81c952031d1b2a8,hvzMQkccgfegfgnselkmpk_baDb
165,K7_93,1,1,"[]",5.8387546286,0.155941770441,7,a60efafb8604c2d841d1af413ad10f82,hzPzAkbdceefgguvwulkhn_abBj
166,K7_94,1,1,"[]",5.85424272207,0.0961451482822,7,0e5d5068b737ef910b8b123a07afc17e,hvPLQkdcgefgfgnkxoeteg_baab
167,K7_95,1,1,"[]",5.86053930174,0.220275737317,7,4e0ccc0c9394d6b6d26cf61e9337da1d,hLLzQkbeffggfghhetaqnf_bBKl
168,K7_96,1,1,"[]",5.86053930174,-0.136942403984,7,792c23f9ce252caf4530dfed3081b9ab,hwvQPkafedfgggwheqkaeh_bBMn
169,K7_97,1,1,"[]",5.90408585851,-0.218003227915,7,449713e688cf55d3b3f2e977beb9da3b,hvwPQkbefegfggqpqaepov_abBJ
170,K7_98,1,1,"[]",5.90408585851,-0.198663438752,7,1513451f8b7372c4d7654065f3999ffe,hvvQQkfgfegfgexxpsaiqk_abBN
171,K7_99,1,1,"[]",5.91674573518,0.19843861716,7,25123d690756ceb52533d0bc904135c0,hvMzQkdcegffggxjalusjj_bBRrrs
172,K7_100,1,1,"[]",5.98392087319,-0.189369431762,7,ba08578f6c45dac1ccbccef3d8f2523c,hLzzQkbddfggfgljsqbobw_abBb
173,K7_101,1,1,"[]",5.99627881682,0.110174064158,7,db77fe00c2f4d1d7d75e9903dcb045fd,hLvQMkadfedgfgnxqxrhjs_bBsfbSeb
174,K7_102,1,1,"[]",6.0754728398,0.238109408085,7,c2a875dce922ba44dc87e5e22a9e7a87,hvvQQkcefdggfgrwajxaaw_barAb
175,K7_103,1,1,"[]",6.08323483706,0.106309910498,7,55c50cdbbd3376b6c9249e2521111d16,hvPLQkdbdeffggsjcsqmjk_abBK
176,K7_104,1,1,"[]",6.08444991111,-0.158301762316,7,0bbd74cf2821e9217e715ab7a254b452,hzLPMkbedffgggqqnmxcvk_baBb
177,K7_105,1,1,"[]",6.08730233227,0.00297891320957,7,2388411d63922e4a5b75c0877016a840,hLLPAkccdfeeggqjshhnxn_baEb
178,K7_106,1,1,"[]",6.08754805425,-0.145026922443,7,7106ce81f7297908b8887b143f15465d,hvLMQkcffgdgegwxuhkajc_bBRwrx
179,K7_107,1,1,"[]",6.09832260984,0.0547350146301,7,0f7a8a206a9318d6907ed7ca11c18ebd,hvPwQkebdgeggfnnslvirk_baob
180,K7_108,1,1,"[]",6.10280316497,0.22005820556,7,7d3b4c6d3d2ca4c7f43f993b7ea49778,hwLAMkacedffggsjeqdesj_baLb
181,K7_109,1,1,"[]",6.10811906187,-0.244571114113,7,de51a6eac658ae97db57d0e8dcd6fe8f,hvPMPkbeedffggrknvlqkr_baR9b
182,K7_110,1,1,"[]",6.12496920034,-0.0921371304114,7,524796a1a82dc55fc932c61705ba0c7a,hvMLQkcdefgggfhwiamgvn_bBrMRL
183,K7_111,1,1,"[]",6.12852644561,-0.235949032146,7,152f81304d15e71eeadf81020f386726,hLvQMkadfedgfgjxqxrhjs_bBSobspb
184,K7_112,1,1,"[]",6.23517884935,-0.00706941449787,7,06a9052e3cd7db9dc4abe3349c0bd3e4,hMvLQkabgfeefgjqaqqnkj_abBsfb
185,K7_113,1,1,"[]",6.24376274509,0.0986217621111,7,e81f2247fb401fb4ee99aef8aa5d3a4c,hvvQQkdfeggegfnqkaakas_barwb
186,K7_114,1,1,"[]",6.25865905192,-0.210834227878,7,1c468a417c4d48a73d63429627d7bf9c,hwzAPkacdegfggknxqppnk_abBB
187,K7_115,1,1,"[]",6.26514111181,0.0329611378387,7,2ea2412f5a506177662bc903b654b54b,hvwQAkdefedfggqxxhgaqj_abBRR
188,K7_116,1,1,"[]",6.31703999272,-0.215555211921,7,b3b3205da952fe21e740bd85facdabb3,hvLQPkefeddgggkxnkkxof_baBb
189,K7_117,1,1,"[]",6.34376088929,-0.2031371735,7,85edf6bb3025d933e94fb346577bf9e5,hvwAQkdcfeggfgmsipijvv_baDb
190,K7_118,1,1,"[]",6.34557930518,0.1701565652,7,48fae75aa2e3c29913bb5445a638017d,hzvPQkbdfgefggqndalwoo_abBrx
191,K7_119,1,1,"[]",6.36297459801,-0.220395294955,7,237bb29b8de17b8e0a986372592b9bdd,hzvQMkbddfefggxjgllnxj_abBRQ
192,K7_120,1,1,"[]",6.44353738085,-0.120555869012,7,3db909467f0d79e541b60e3aedb05ea7,hvvQQkefdgeeggfaoaskof_abBl
193,K7_121,1,1,"[]",6.45137056039,-0.115800729413,7,26c6373df519a07efeb61b72997d1f00,hvzPQkcdegffggjjjhxlln_bBeD
194,K7_122,1,1,"[]",6.47226750154,0.0118402988302,7,e2e46f58a91ec335de925cf81c5d2110,hvzPQkcddefgggrfjjapsk_abBRQ
195,K7_123,1,1,"[]",6.51377663345,0.13646474197,7,e347fea23f9cc228a202164992b6372a,hLvQMkadfedgfgjqqxshjw_bBsWbSVb
196,K7_124,1,1,"[]",6.52092765117,-0.098345171381,7,5ab2c55a4164c243821beb29f5640e49,hvwQPkcfdefgggmlsaaswk_bBrzRy
197,K7_125,1,1,"[]",6.59122061167,0.182678026764,7,53f54de23c74c5be82efbf1039567c6e,hvwMQkdefggffglmehplsj_abBC
198,K7_126,1,1,"[]",6.72238567598,-0.229731361202,7,7a37ccf75c1ecb53d9811f02ae96dbd8,hLzLQkcddgegfgpcrijbrr_bBR3r4
199,K7_127,1,1,"[]",6.78371351984,-0.241804603457,7,16c51a70c8a802fdeee09dcc22f940a9,hvwPQkdfegefggdatttacc_abBD
200,K7_128,1,1,"[]",6.90911013208,-0.030639182748,7,64dcd6440e9b634760fc5232bb26c0d7,hvLAQkecdgffggrrsqmair_bacb
201,K7_129,1,1,"[]",6.92263443912,0.0320428327861,7,f51ffdae3214b22ae89615e4ac0a8116,hwzPPkaceffgggjnqskudx_abBg
202,K8_1,1,1,"[]",3.60046726278,-0.204869474194,8,c9437f361917c2b306d9c95b93ef7b75,iMzMvQcabcdeghhhjxxxxntqt_abBe
203,K8_2,1,1,"[]",3.60953917454,0.0510292520214,8,5e9c313733b6e51f5c42ae8b1bac2329,iMzMvQcabcdeghhhjxxxxntxp_bBBc
204,K8_3,1,1,"[]",3.64226693043,-0.0751435016358,8,e861662c38ff993f6898501e2312b378,iMzMzPcabcdefhhhjxxqqqjsr_abBsRb
205,K8_4,1,1,"[]",3.64611011236,-0.147592536456,8,e7c5eb1d92081720803826d821e7cc8a,iMzMzPcabcdefhhhjxxqhhwrj_abBs2b
206,K8_5,1,1,"[]",3.94544934582,-0.0709659840553,8,8d8db99cb192ac515a250db5c5969598,iMzMLPcabcdegghhjxxxxjkqs_abBsab
207,K8_6,1,1,"[]",4.04447599659,-0.0646988645891,8,f9794a2229f20cbf7028f3175092324d,iMzMzPcabcdefhhhjxhhxqcrj_abBsMc
208,K8_7,1,1,"[]",4.04647350847,-0.221358218211,8,758da547bf7d4a1be66f41035470eeb5,iMzMzPcabcdefhhhjxhqxhjcr_abBsYc
209,K8_8,1,1,"[]",4.37490171356,0.145319888478,8,7f6341378e15f4e42f96b4d29084329f,iMzMvQcabcdehghhkxxxxxshq_abBSqb
210,K8_9,1,1,"[]",4.37906067121,0.0505895508598,8,3316eef2271eac4f5b0176603c9d3ca0,iMzwwQcabcdfghhhjxxqwutkc_bBdC
211,K8_10,1,1,"[]",4.38145643736,0.22718084155,8,ef99db4c9432dbf9cb314c7a405ea994,iMzwzQcabcdfghhhjxxqstunc_bBhG
212,K8_11,1,1,"[]",4.38974066284,-0.24013028296,8,7ac3ac1b1518ef999f2aa12d79355d44,iMzMvQcabcdehghhkxhhhhjxq_bBSJbsKb
213,K8_12,1,1,"[]",4.49687603339,0.103896955079,8,500c04ca44b3b9b11af655f531496fff,iMzMLMcabcdegghhkxxxxknxr_abBSTb
214,K8_13,1,1,"[]",4.51797165799,-0.199077994125,8,72249dbf520ca18da41e948c3e1ac909,iMzMLMcabcdegghhkxhhhwrhn_abBShc
215,K8_14,1,1,"[]",4.52589660113,0.169415123322,8,6708ed95bbad8889bec6540c77e28c03,iMzMLMcabcdegghhkxxqqjsqj_abBSAc
216,K8_15,1,1,"[]",4.52961993002,0.231001397208,8,25af15a102e129c7edc0d6bbd118cf02,iMzMLMcabcdegghhkxhqqjsqj_abBSLc
217,K8_16,1,1,"[]",4.53154609997,-0.244611266948,8,d1ae44869fdad9f2b3bd3f70668f294b,iMzMvQcabcdegghhkxxxhsrhn_abBSsc
218,K8_17,1,1,"[]",4.53842296063,0.147343691005,8,f17db52b8494c0204ad59ad54c45af3e,iMzMLPcabcdegghhkxhhxjkxr_baSUcb
219,K8_18,1,1,"[]",4.64460608365,-0.171046070683,8,80509623794f06ef6229106c304968ec,iMzwMMcabcdffghhjxxqwrhhs_bBsXbSWb
220,K8_19,1,1,"[]",4.64623667857,-0.0508894441823,8,1e058e85b1d458b564495387e0b1e0f4,iMzwPMcabcdffghhjxxqsjqqw_abBsXb
221,K8_20,1,1,"[]",4.64685973906,-0.151428908428,8,29d40b2dfce05cba6a1aac30c8a1a8cc,iMzLzQcabcegghhhjxhsanrjk_bBiH
222,K8_21,1,1,"[]",4.66914670446,0.248879334192,8,40c7a4e37526bb9815fad2921ea391d5,iMzMLMcabcdegghhjxxqhnoxk_abBS-b
223,K8_22,1,1,"[]",4.67331867756,-0.135587250379,8,406b4a74cfef22fc4f59935463226036,iMzzzQcabcegghhhjxhwakjrn_bBba
224,K8_23,1,1,"[]",4.68667102378,0.223474535779,8,dc25cf78226e7c2acfba2d5787cab85f,iMzMLPcabcdegghhjxhqqcjqk_abBSic
225,K8_24,1,1,"[]",4.68925052678,0.0294016212518,8,6e33e0c62c69ed2da561dea09618acd8,iMzzPPcabcegfhhhkxxjpdxml_bBHi
226,K8_25,1,1,"[]",4.69458243012,0.067090537149,8,6e7e19b28be154d49bbbc54c1ba8fd7d,iMzMLMcabcdegghhkxxqhnoxk_abBsTc
227,K8_26,1,1,"[]",4.69840349613,0.0513755741374,8,25ecc63181e963eb1701448e228215c6,iMzMLPcabcdegghhkxhqqcjqk_abBsKc
228,K8_27,1,1,"[]",4.70222291216,-0.233944289965,8,d192414de7e4e18fa58c7b17138e6682,iMzMLMcabcdegghhjxhhxgsak_baS0bb
229,K8_28,1,1,"[]",4.70670542027,-0.126804636704,8,48bcd9573afe9656a67469bd526613f2,iMzLPPcabcefghhhkxhstuhie_bBMn
230,K8_29,1,1,"[]",4.71135853543,0.0975059347567,8,7e8fefdadeb131c75ac21b987e3a0fa0,iMzMLMcabcdegghhkxhhxgsak_bas-bb
231,K8_30,1,1,"[]",4.72192046288,-0.204089330498,8,b5616ecc537358cb45eaab136f7d73fc,iMzMvQcabcdegghhkxxqhwnxj_abBSad
232,K8_31,1,1,"[]",4.72619971236,0.011022360368,8,5ba1f1cbf31314f252f32b7f07997ca4,iMzwAMcabcdffghhjxxxokahw_bBssbSrb
233,K8_32,1,1,"[]",4.72664438706,0.104952969322,8,1485bf6b33e6469b3eaa02d54db716cc,iMzMLPcabcdegghhkxhqxnwhs_baSvdb
234,K8_33,1,1,"[]",4.74088400448,-0.192220798021,8,a81fc51bdd923f7abb9592606af47932,iMzwPMcabcdffghhjxxxkwxqs_basEbb
235,K8_34,1,1,"[]",4.80672812441,-0.125671247275,8,e1871dfce9cb0a7b22ac8fa38dd33342,iMzMvQcabcdegghhjxhhxskaj_baSScb
236,K8_35,1,1,"[]",4.81394530969,-0.159248988142,8,6906f13eb2ca10caf1782e2c363ce332,iMzMLMcabcdegghhjxhqxowhj_baSNcb
237,K8_36,1,1,"[]",4.8157282577,0.205557075758,8,2b0725daaff6d40bf3cf686522f2aeb6,iMzMvQcabcdegghhkxhhxskaj_bas-cb
238,K8_37,1,1,"[]",4.82403615697,0.16993865267,8,8a0a8d5e08f7bec22a6722e4f0505385,iMzMLMcabcdegghhkxhqxowhj_basedb
239,K8_38,1,1,"[]",4.84235668893,-0.119635579004,8,ae21d67a962e70a439311cc28643821b,iMzPzMcabceefghhjxxknxxxk_abBsZb
240,K8_39,1,1,"[]",4.84817580053,0.160471991112,8,1b32d645969e0a91e3f6f2da3f09bca0,iMLLPMcabdefgghhkxrxosrar_bBeD
241,K8_40,1,1,"[]",4.86208186687,-0.0309946161039,8,790e884b4950e78e78e084ae65c4698b,iMzwAMcabcdffghhjxxqcraqj_bBSdbseb
242,K8_41,1,1,"[]",4.87120187488,-0.218517644383,8,146328f1a63bc7afda2a4cb0d5817283,iMzPzMcabceefghhjxxknxxqs_abBScc
243,K8_42,1,1,"[]",4.87874232541,0.0448131642299,8,063da6577e9ad1d8ac77d0810088bbbc,iMzwMMcabcdffghhkxxxonxxr_BbSTbsSb
244,K8_43,1,1,"[]",4.88501161727,0.185036600838,8,458dc8e1fc00b74b3b27705e74b8c8c0,iMzwAMcabcdffghhjxhqkgxhj_abBsfc
245,K8_44,1,1,"[]",4.89985675509,-0.128558096036,8,58e3530886605f339d0665ce009c6e4d,iMvMzQcabdeghghhjxklrubxe_bBCd
246,K8_45,1,1,"[]",4.919163297,-0.184626518682,8,b57d540e9769417d6db1bcb8e18dc307,iMzwPMcabcdffghhjxxqrjaqn_Bas-bB
247,K8_46,1,1,"[]",4.92304098051,0.00413691438666,8,c6630e002b12729337036e2fddbc21ba,iMzPzMcabceefghhjxhcsahxj_bBspbSob
248,K8_47,1,1,"[]",4.93820215054,0.199882506542,8,08e2f8ad0d088ed3c44d5db03632cb32,iMvMzQcabdeghghhkxklrubxe_bBba
249,K8_48,1,1,"[]",4.94967142005,0.242973905193,8,f7f77e2582e4476e7760034db009a894,iMvMPPcabdffgghhjxkajwshj_abBc
250,K8_49,1,1,"[]",4.95456960495,-0.210039993211,8,305ca789ea7b104294dd7829121f0033,iMzPzMcabceefghhjxhjcaqxr_baSHbb
251,K8_50,1,1,"[]",4.95642382181,-0.14472559151,8,7082ded5e095fda7916aef747a5be92f,iMzwAMcabcdffghhkxxqcrahn_bBS2bs3b
252,K8_51,1,1,"[]",4.97601105457,0.0752150441832,8,404392066f4155e3289708563251880e,iMvMPPcabdffgghhkxkajwshj_abBf
253,K8_52,1,1,"[]",4.98496552546,0.128762241874,8,ab1d1b23009c1dddcea67ce062d50d20,iMzPzMcabceefghhkxxknxhhr_abBSvc
254,K8_53,1,1,"[]",4.99327197292,-0.121453644756,8,89b0a1965951c9c6770f1f50f6d7c68f,iMzwzQcabcdfhgghjxxxoaxjr_barIb
255,K8_54,1,1,"[]",4.99327197292,-0.0381203114229,8,3dbf682e386da8a6be837279938b7c2e,iMzwzQcabcdgghghjxxxhqaxn_banb
256,K8_55,1,1,"[]",5.01245457937,-0.237769720824,8,0a8d94cf1f5fd27992212f7d6a43acbe,iMzwAMcabcdffghhkxhqkgxxj_abBSIc
257,K8_56,1,1,"[]",5.01704914618,0.227500362379,8,fc76555c7d338e2d1133726233564528,iMzPzMcabceefghhkxxknxhqj_abBsRc
258,K8_57,1,1,"[]",5.0182979542,0.187429204745,8,557c7d9ea7f58ab749973e9b50048367,iMzwAMcabcdffghhkxxqcrahr_bBs9bS8b
259,K8_58,1,1,"[]",5.03400071985,-0.13738677669,8,75534b1207735d27626fd5e8ac1f5a46,iMzwAMcabcdffghhjxhqkgxhw_abBSNc
260,K8_59,1,1,"[]",5.0514780809,0.130449546981,8,9c0146afabcbcfb48ef8237457763c78,iMzPzMcabceefghhkxhjcqxhs_baSQcb
261,K8_60,1,1,"[]",5.06089960646,-0.155072247725,8,b931b5e69382912fb864eb7427cc4c44,iMzPzMcabceefghhkxhjcqqhn_bBsUcSTc
262,K8_61,1,1,"[]",5.07001608898,-0.100799016367,8,bbd7f472a0408486084178251a0b2b8e,iMzwzQcabcdghgghkxxqqaxhj_bBKl
263,K8_62,1,1,"[]",5.08270806574,0.00176546690085,8,22495b8b9bf96b1a3d81bbd5527dc75f,iMzwzQcabcdggghhkxhqqhxaj_abBI
264,K8_63,1,1,"[]",5.08584027022,0.0915381232481,8,9d0d305d2061ede6e051019b6351f021,iMzwAMcabcdffghhkxhqkgxxn_abBsjd
265,K8_64,1,1,"[]",5.19559032465,-0.143725966794,8,f4ced067fdb062da7d38dc24ad606a7c,iMzzPPcabcefghhhjxxjquuup_barub
266,K8_65,1,1,"[]",5.20861094847,-0.0554890832488,8,60de5bcee6fd499b7c37e70b72ae7a23,iMzzPPcabcefghhhjxxjquuap_barvb
267,K8_66,1,1,"[]",5.32358518569,-0.158049907029,8,5ed29b86674707fb55a22acea3673ad9,iMzwzQcabcdfhgghjxhhoahjn_bBsobSnb
268,K8_67,1,1,"[]",5.4814708877,0.186637747959,8,6a3d12578d79929fc85e92047ab97629,iMzzPPcabcefghghkxxjaqqww_baSVbb
269,K8_68,1,1,"[]",5.49211445348,0.106813403767,8,eef8bdcaea9fd8ce62f346f9336a91b3,iMvwAQcabefghfhhjxxaxxnhq_bBrsRr
270,K8_69,1,1,"[]",5.49497096941,-0.117022054934,8,fd8b25e6a31b2e1b57a629e42e30055e,iMzwzQcabcdfhgghkxhhoxhjk_bBSpcsqc
271,K8_70,1,1,"[]",5.49540350776,0.193719845751,8,1a16a3550fbd6529d273054ce8e9808b,iwzPPPcadfegehhhjxxaxjxnk_abBg
272,K8_71,1,1,"[]",5.52145290586,0.216104931824,8,3e75359a40fdba94eb9bef1b93e2dca9,iMzLPPcabcegfhghkxhsqaqkn_baShcb
273,K8_72,1,1,"[]",5.52149185483,-0.0887074466429,8,5ae58edd729a57f297183cd177a1982e,iMzvQMcabcfgffhhjxxqqxhqn_baslbb
274,K8_73,1,1,"[]",5.52217591238,-0.17289216123,8,83e31d4524a1b1f3eca09d87c5b9dcd9,iMzwwQcabcdfghghkxxxnhasr_abBSXb
275,K8_74,1,1,"[]",5.53677521891,-0.106338099038,8,b99b68dd2abb094fcbfd43c0c2c5f656,iMzvQMcabcegffhhjxxkqxkhk_bBsvbSub
276,K8_75,1,1,"[]",5.55224208959,-0.148797305287,8,b5596bfbcd001e3ac2dc91a0ade22733,iMzLLQcabcfhghhgjxxxxxknn_bBsbbSab
277,K8_76,1,1,"[]",5.5582879067,0.0750251734308,8,fa7f57ae80728a511ef6f41125bd49a8,iMzwzQcabcdfhgghkxhhwaxjn_baSecb
278,K8_77,1,1,"[]",5.58185992358,-0.118427835628,8,d10df8783ba4b6bc8f987ec63eb63ee9,iMzwzQcabcdfhgghjxxqraawj_abBSFb
279,K8_78,1,1,"[]",5.58826654166,0.00263264564171,8,39724e2ad90baba458c7d535c89183fd,iMzwzQcabcdfhgghjxhhoahjr_bBSYbsZb
280,K8_79,1,1,"[]",5.59323454855,-0.13193946945,8,a497fa4c0bcdc6be444153283260a259,iMzLPMcabcefgfhhkxxnaajqj_bBS4bs5b
281,K8_80,1,1,"[]",5.59665499888,0.16018891837,8,154544bace960bd1d9a4e1d3650dbf45,iMzzPPcabcefghghjxxgxqxjj_bBSvbswb
282,K8_81,1,1,"[]",5.6113707915,0.0321249162723,8,f42e8dd7fbe999d9ceaffd40f6f89c45,iMzzPMcabcegffhhkxhwaasqj_baS9bb
283,K8_82,1,1,"[]",5.62600650371,-0.0979490773717,8,ac1f1f0664e7f0c5740ec2c3e53c4b21,iMzzPPcabcefghghjxxjqqhjr_abBs9b
284,K8_83,1,1,"[]",5.6349050762,-0.112091448452,8,c29b209f111d3eec690c2e7d14a4d4db,iMzwLQcabcdfhgghjxhhwahjk_aBbswc
285,K8_84,1,1,"[]",5.63800413464,0.247310832605,8,dfdd625c7672f845e8cff9cdbf1f3424,iMzwzQcabcdfhgghkxxqrhawr_Bbs0cS1c
286,K8_85,1,1,"[]",5.65937199311,0.0957584938955,8,9c4989928ee4c2e21f8147dc2544d137,iMvwQMcabefggghhjxxaxnkhj_baRrb
287,K8_86,1,1,"[]",5.66005304179,-0.221218650067,8,87cce8103451b8e95c167455814c92d3,iMzLzQcabcfghhhgjxhqaqjsw_bakb
288,K8_87,1,1,"[]",5.66304611609,0.222099805745,8,8769b2ef1a47e946b1920378c97a6677,iMzwzQcabcdfhgghkxhhoxhjj_bBsDcSCc
289,K8_88,1,1,"[]",5.67677905801,-0.138601229349,8,035fb49d22fb4cacafef53057a13e217,iMLLMPcabdefghghjxoxaxxrj_bBr3R2
290,K8_89,1,1,"[]",5.6858567843,-0.063851619983,8,c47f9aebf3a65ca9ccb541a771390529,iMzLzQcabcfghhhgjxhhahrwj_baDb
291,K8_90,1,1,"[]",5.69177724601,-0.0318398486237,8,96f75465904da92d0cd3d9cdc6cb2e73,iMzzLQcabceghghhjxxjqjvkk_barXb
292,K8_91,1,1,"[]",5.70993301238,-0.237395280459,8,7fe78d8cc8cf716bff2b76fcfc79183a,iMvwAQcabefghfhhjxxaxxrhq_bBgF
293,K8_92,1,1,"[]",5.7221931965,-0.155511381761,8,7ee4fccc1ef32171e1d48263571193df,iMzzPPcabcegfhghjxhjqahjk_BaStcB
294,K8_93,1,1,"[]",5.72665573949,0.244051266485,8,57f1a9ab139b4c160198c590c8702805,iMzLPMcabcfffghhjxxxhqxhw_baSCbb
295,K8_94,1,1,"[]",5.74441002315,-0.126224048602,8,c6c3701a3c7cce1bd841903f4a97f0f6,iMzLPMcabcfffghhkxxqhxaqj_bBOp
296,K8_95,1,1,"[]",5.75215719538,-0.153705503313,8,60220b93710d966839a96caa96515cfc,iMzLPMcabcfffghhjxxxhqxxn_basybb
297,K8_96,1,1,"[]",5.75222662008,0.091862067936,8,a3c714a19e31d9a4ee17125cea546543,iMzLLQcabceghghhjxxnqsrkb_bBMn
298,K8_97,1,1,"[]",5.76074493618,-0.165772015406,8,ade37c52b7e6178686ab2635ce251aea,iMzzLQcabceghghhjxxjxkwbb_bBrPRO
299,K8_98,1,1,"[]",5.77446898454,0.0788910898816,8,24fb235d416b7451a5fa92e99a925006,iMzzzQcabcefhghhkxxjqssjs_bBcB
300,K8_99,1,1,"[]",5.77994632022,0.0876085049677,8,0d624c02867bc444d618dc2c8cfb0351,iMzwzQcabcdfhgghkxxqrhawn_bBs3cS2c
301,K8_100,1,1,"[]",5.80010610467,0.222236331987,8,21a0bcee3f22410851e97ffa31786df0,iMzzPMcabcegffhhjxhwhashw_baSNcb
302,K8_101,1,1,"[]",5.8012561147,-0.176735682759,8,5f239052863eba7fe62fddbe1c012d65,iMzLLQcabcefhghhkxhsqjjjs_abBa
303,K8_102,1,1,"[]",5.8046074684,0.09439764029,8,70684b37e2ee82ec72786da8649af43b,iMvwAQcabefghfhhkxxaxxrhq_bafb
304,K8_103,1,1,"[]",5.80774612567,0.0276935697755,8,2672773dbf0ff6582ee09fc56c2919b5,iMzLPMcabcfgffhhkxhqaxhqj_abBE
305,K8_104,1,1,"[]",5.82631962524,-0.092961901855,8,1d0145c080ac384ff66b54aa198cb7e2,iMzzPMcabcegffhhjxhjaasqn_abBsUb
306,K8_105,1,1,"[]",5.82814872449,-0.090554916045,8,ec917ba8b5d887832bb2d32100dd11b4,iMzLLQcabceghghhkxxnqsrkb_bBpO
307,K8_106,1,1,"[]",5.83304655336,0.00398938071971,8,21e7b0b77e72e46d4d6f9ea17bd44b99,iMzzPMcabcefgfhhkxxgxarqw_baS1bb
308,K8_107,1,1,"[]",5.83328092894,0.0512919029497,8,5211b4f839030626f747b7e50e40db5a,iMzzPMcabcegffhhkxhwhashw_abBsfd
309,K8_108,1,1,"[]",5.85329443176,-0.212268692993,8,0d09726d11a51cd73e62993fd1cb4f87,iMzzPPcabcefghghjxxgqaqkj_abBsPb
310,K8_109,1,1,"[]",5.85729104948,0.2225753018,8,2d13cf4abe1c1621330a8456dcf6785d,iMzzPMcabcefgfhhkxxgxqrqn_bashcb
311,K8_110,1,1,"[]",5.85935095057,-0.109774030338,8,aa9b31b90e21a102a817eec1d8a01be2,iMzvQMcabcegffhhkxhrhhnhs_aBbsOc
312,K8_111,1,1,"[]",5.87249993956,0.164790415283,8,9d528f2309b55dce08fae2d46428c1ca,iMzzPPcabcefghghkxxjxxxnj_BbSXbsWb
313,K8_112,1,1,"[]",5.87330035625,0.0300572735111,8,f1c05bba4e16d83b7aeef16c21492a2b,iMzvQMcabcegffhhkxxkxxrxj_BbSncsmc
314,K8_113,1,1,"[]",5.87528031523,0.187941958914,8,3d5ca2913bbee10f6bf6bf6c6c43db67,iMzzPMcabcegffhhjxhjqasqw_baSpcb
315,K8_114,1,1,"[]",5.87760844653,-0.00647181744281,8,5be53c8672e2695820fd2a9aa6389046,iMzvQMcabcegffhhjxxsqxkhr_bas4bb
316,K8_115,1,1,"[]",5.89362704428,0.1415847287,8,22ab00f448ea5e124c8bf8ac1c98a3db,iMLLwQcabdefghhhjxrhteavo_baab
317,K8_116,1,1,"[]",5.90828681953,0.110762706213,8,7eddf948bf28f5019cae38f54e404dd2,iMLLwQcabdefhghhjxrhtmavb_bBba
318,K8_117,1,1,"[]",5.92413169438,0.0446983331262,8,ea387f5a5aa8a4da8a2cba95220cd197,iMzzPPcabcefghghkxxjxqxjj_BbsfcSgc
319,K8_118,1,1,"[]",5.94574234394,-0.0945008948959,8,bfe76c3bec1ce97db461faa808947679,iMzLwQcabcefhghhjxxntjkcf_abBi
320,K8_119,1,1,"[]",5.95611749557,-0.126091723278,8,d69204364c6d0b55c6bb5203bacd60f4,iMzLwQcabcefghhhjxxntjwcb_abBG
321,K8_120,1,1,"[]",5.97508829015,0.198793511354,8,8d8706da0dbc44383e58f8b1dad527b9,iMzLPMcabcegffhhkxhshhnhw_baSRbb
322,K8_121,1,1,"[]",5.98614936307,-0.16507790236,8,a70e6ab01b55f661577a3ba400625118,iMzvPQcabcgfhfghjxxxxarrj_baFb
323,K8_122,1,1,"[]",6.01151779503,-0.0418055927475,8,56e6daf7b58c87bb4534aab136de16c6,iMzLPMcabcegffhhjxhsqhnqj_abBsEc
324,K8_123,1,1,"[]",6.01803185608,0.178611059397,8,72f51d2b31d15062b5866737b63a4809,iMzLPMcabcegffhhkxhrhqnxn_basjdb
325,K8_124,1,1,"[]",6.02994485577,-0.197784928313,8,0965b5b28d0232437e5ca271fdb9691c,iMzLPMcabcegffhhkxhshhnxn_baskcb
326,K8_125,1,1,"[]",6.03831875161,-0.144256205332,8,dd96297a43023cd7d1f00bbfd8d98836,iMzLPMcabcegffhhjxhsqhnxk_abBSIc
327,K8_126,1,1,"[]",6.03902112405,-0.0434250645118,8,f17ba6bf2c85fd54545838fe89bf90d5,iMzvPQcabcgfhfghjxxaxarjj_abBrP
328,K8_127,1,1,"[]",6.04447175535,0.07683806434,8,b365ee1f02ad482ecfe3ef04c25fa07b,iMzLPMcabcegffhhkxhrhqnhw_baSmdb
329,K8_128,1,1,"[]",6.05180516395,-0.248789922145,8,865f4aebaf150d52b49fad7e4bc1d224,iMzLPMcabcffgghhkxxuttlus_bBsBbSAb
330,K8_129,1,1,"[]",6.06959726094,0.189659467003,8,5c266627b7e526a35b635db7571697ab,iMvwAQcabefehghhkxdaxevam_abBrW
331,K8_130,1,1,"[]",6.11007257004,0.24221574204,8,8de892ff0ec69094251fb0ca385ac1b5,iMvwMQcabefgghhhjxxankjbs_bBrtRs
332,K8_131,1,1,"[]",6.11606998539,0.150212801119,8,a44568c51c1975ca4f4d13ee5d5917ec,iMzvAQcabcefhghhkxhjxwgbv_abBSOb
333,K8_132,1,1,"[]",6.13623977067,0.185243256988,8,48234492711f289a2ee640a57f40b856,iMLLPPcabdefgghhjxraoooxn_bBrXRW
334,K8_133,1,1,"[]",6.14117440181,0.225127581594,8,e35ec20f636fadec0790b3b7635198d2,iMLvPQcabdgghghhkxrnkbggb_abBRu
335,K8_134,1,1,"[]",6.14532890868,-0.0196155810889,8,ce41553a206a7fe9abece2a5d1a1b82f,iMvzAQcabefehgghjxelxlcrr_abBrT
336,K8_135,1,1,"[]",6.15042061588,0.174425729072,8,63b1b01edb5597371542b4a95518fbf4,iMvwPQcabdhhggghkxkrwvvcc_bBRwrx
337,K8_136,1,1,"[]",6.16324176622,-0.0516812039723,8,6e6a0871676ee2a39c80fa5440aae5b0,iMzvPQcabcgfhgghjxxxxawrk_baHb
338,K8_137,1,1,"[]",6.19196478394,-0.0013365144837,8,614ab6b4a13ca853a07073b42d2f1c99,iwwMzQcacdefhghhkjqcntxrs_bBCd
339,K8_138,1,1,"[]",6.20724269981,-0.124361270837,8,23ded5c412e4964c6472dc1615035d42,iMzLPMcabcfggfhhkxhuadtxk_bBsxbSwb
340,K8_139,1,1,"[]",6.20920758176,0.214910340723,8,87d51a40aed17b5e4300d3baac35eb6d,iwwvQQcacfgeghhhjjnrrridu_abBRP
341,K8_140,1,1,"[]",6.22550943418,0.147476627367,8,d0866699a409bf3802e8a9459a285512,iMzvPQcabcgfhfghkxxxqajrj_baSdbb
342,K8_141,1,1,"[]",6.23357006,0.169485528471,8,1385ab84c45e14ffbf8dbecf13746ca3,iwwMLQcacdefhghhjjqcrexfv_badb
343,K8_142,1,1,"[]",6.24330054043,-0.207730721627,8,824c1420caf6865102ba09918e0e1688,iMzvPQcabcgfhfghkxxxxakrj_banb
344,K8_143,1,1,"[]",6.25970170106,0.0584570140394,8,b792fd5f69c19f10dbeddc39325c3600,iMvwPQcabdfhgghhjxkjwbbfn_bamb
345,K8_144,1,1,"[]",6.26912164129,-0.0536161691531,8,304685a841da761983e3b55f2b54ce34,iwwLMQcacdffghhhjjrccbeix_abBP
346,K8_145,1,1,"[]",6.27237250941,0.0870968844705,8,e0fa43d917b20dc942fd22a0d92fd9bc,iwvQzQcaedfghfhhjqqahhkwr_baBb
347,K8_146,1,1,"[]",6.2895767462,-0.0659909750184,8,63287ecc6dc43980dca529b04f93e8f9,iMLLMMcabdefgghhjxrhttljj_barrb
348,K8_147,1,1,"[]",6.29330572127,0.231209463769,8,ab82371a2c523ab41f1d0f4cb9ef99d5,iMvPMPcabfefghghkxmmmrmjw_baR0b
349,K8_148,1,1,"[]",6.29701965288,0.17438180087,8,469b7774ac4ec79e0143ad1495655441,iwwAPMcacdegfghhjjquadguk_baab
350,K8_149,1,1,"[]",6.29824027237,-0.18117747168,8,91c0e3aa445e1d8da93c8421d7cd47db,iMLLMMcabdefgghhjxrhttlor_barrb
351,K8_150,1,1,"[]",6.29900123368,-0.0677232208187,8,dd541d36964313411c5bfef18aaf371d,iMvMLQcabeehhghgkxxqjjfnn_bartb
352,K8_151,1,1,"[]",6.30909039241,-1.23738022058e-16,8,2e6bdfcc03551dcc9ffbaf0eacaf76d2,iwwAPPcacdefgghhjjquaifur_bBba
353,K8_152,1,1,"[]",6.35560439645,-0.135871440753,8,48bd62a3d224d6e09c19dd211d769626,iMLvQPcabdfgfghhjxrxnsfan_bBRXrY
354,K8_153,1,1,"[]",6.36118791468,0.105281070219,8,578235426eb37b9c93734a3e59766ba9,iMvMPPcabdffgghhjxkhjwfhw_bBRvrw
355,K8_154,1,1,"[]",6.36320924724,-0.164795391438,8,61cf05370e819b3ac9460d083d391269,iwwLMQcacdffghhhjjrccbeid_bBMn
356,K8_155,1,1,"[]",6.39213274493,0.160631061734,8,c0826e4c8ade313344d2700e96c22d4d,iMvzAQcabeefghghkxiiikmjr_bBSjbskb
357,K8_156,1,1,"[]",6.39287216107,0.059290517952,8,557fa1551e3e59ff1570372b1074ba74,iwwvQQcacfgeghhhkjnrrridu_abBrI
358,K8_157,1,1,"[]",6.40349476954,-0.181288001585,8,0f416d737bf5226590efd14f1c3a1e28,iMvMzQcabefehgghkxeplafrj_abBM
359,K8_158,1,1,"[]",6.40565071378,0.249808012456,8,b254aa38b3cd508918d719bd37fc36bd,iMzLPMcabcfggfhhkxhuadthw_bBSDbsEb
360,K8_159,1,1,"[]",6.40754184778,0.130629961831,8,c8616ae7a9236e18b596ed1db27d456a,iMvMzQcabeefghghkxtuufprr_baswbb
361,K8_160,1,1,"[]",6.41328563329,0.0807880561006,8,7f9b03302a77d252ded33a8412c6902e,iMLLPMcabdefgghhjxrxkkohw_bBryRx
362,K8_161,1,1,"[]",6.42038968285,-0.232678555702,8,05595aa50165a71472cd081dcd83dabc,iMzLPMcabcfggfhhkxhuedthj_bBShcsic
363,K8_162,1,1,"[]",6.42164867402,0.118256559994,8,e804a7ee2c9b3fb5bf7e226edf7594c0,iwwzPQcacefggghhjjxkumxaj_bBr3R2
364,K8_163,1,1,"[]",6.42660547151,-0.167485307366,8,a020a22e8a120ceaa75f5fa6eaa1f0c3,izzPMPcbddfeghhhprwqhhqfo_baBb
365,K8_164,1,1,"[]",6.42667190646,-0.0530359049479,8,23b63048a92d1f039c90b8d4dfb410f8,iMvAPPcabdefgghhjxkurnbij_abBm
366,K8_165,1,1,"[]",6.4345545291,-0.22791684856,8,daf8791ef3c1fdc1fe3bad7dfd2a34a6,iMvAPPcabdegfghhjxkursfin_abBL
367,K8_166,1,1,"[]",6.44353738085,0.0372225356782,8,c73f29e04547e5477c40b454715ffcf7,iwwPMPcaceffghhhkjajbaafo_bBrqP
368,K8_167,1,1,"[]",6.44354333291,0.0751656628991,8,ce6c48898bf08fc7b7c95d4eb28b9bbe,iMvMLQcabeehhghgkxxqjjfbn_abBi
369,K8_168,1,1,"[]",6.44556958085,-0.181800734667,8,02d6fd43de79c0c5efeeb4d5b258a442,iMvMAMcabeeffghhkxtupuixr_abBSRb
370,K8_169,1,1,"[]",6.45585318102,-0.235459251868,8,f4abafefca2b358d315f54feab55a440,iMzvPQcabcgfhgghkxxxxawrk_abBf
371,K8_170,1,1,"[]",6.46922546598,-0.189101154891,8,3d9cb625c6468ebae3b9bee4d1f40c39,iwwwAQcaceefghhhkjpwruigv_bBhG
372,K8_171,1,1,"[]",6.47623959248,0.100369358156,8,6c597d5490bc5c9bee261e100e93090f,iMvzAQcabeefghghjxiiivljn_bBR9r+
373,K8_172,1,1,"[]",6.48351359485,-0.208389057017,8,f338e1df030046916f53404145186cf5,iMvPPPcabdefgghhkxwqvncqk_baSGbb
374,K8_173,1,1,"[]",6.49453600128,0.210771639656,8,d16682bdbac9eeb9e295beee5580cdf7,iwwAPMcacdefgghhkjqxticqj_bBcB
375,K8_174,1,1,"[]",6.52900507133,0.185046196621,8,c570c1a5d47146b080b89232edd416f1,iMLvQPcabdfgfghhkxrxnsfan_bar6b
376,K8_175,1,1,"[]",6.54514164067,0.116150584472,8,7945962d559dfd6e4f07b781004d473c,iMLvPQcabdgfhghhkxrnsvfvf_abBRQ
377,K8_176,1,1,"[]",6.55932372452,-0.0960731030997,8,3da74b8aa5262c35d0ac34986e521883,iMvMLQcabeehhghgjxxqjjfbr_bBrWRV
378,K8_177,1,1,"[]",6.56631160282,0.236907483185,8,d64783abb25fd97146c6f17161dfddc8,izzMLQcbcdffhghhpsklshbmu_banb
379,K8_178,1,1,"[]",6.5715614926,-0.0323717648503,8,1fb107defef9e03953eb295bea94fa63,iMLLLQcabdehgghhjxnhhrfhh_abBr+
380,K8_179,1,1,"[]",6.57891747046,-0.0644141968121,8,bb721293da9f4fe67c4b9d7f0ea146b8,iMvLAQcabfgehhhgjxxaxqxhn_baEb
381,K8_180,1,1,"[]",6.58083422173,-0.216777718348,8,ee5c58d68159c08c44d1186fd73c6b84,iMvwPQcabdfhgghhkxkjwbbff_bBRKrL
382,K8_181,1,1,"[]",6.59346446336,0.144946299897,8,558f60e559aee1888f554c0759cfd8f5,iMvMAMcabeeffghhkxtupuixk_abBsic
383,K8_182,1,1,"[]",6.61424157512,-0.205581757891,8,cd272890efea34549be4daf6ad1a18b2,iMvMLQcabeehhghgjxxqjjsbj_bBSnbsob
384,K8_183,1,1,"[]",6.63693025015,-0.0600204146077,8,eac7ed18a9a465a542976beb02224a89,iMvMPPcabdffgghhjxkhjwfhj_bBgF
385,K8_184,1,1,"[]",6.64736917107,-0.246556078703,8,de968f4ec2bb35e6bf07596159dd7e39,iMvLQPcabfgeehghkxhhxnqjn_bBS1bs2b
386,K8_185,1,1,"[]",6.65012397031,0.177111922668,8,965db4a058d1d9e8e7d2c096b537c088,iwwLMQcacdffghhhkjrccbeid_bBrJRI
387,K8_186,1,1,"[]",6.65062925611,0.209806616125,8,1e0a887c5cbf3a235bd493d45db637e5,iwwwQPcacdgffhhhjjaqjgagr_abBRG
388,K8_187,1,1,"[]",6.65593247312,0.112591738496,8,4da9cba21a93c115ade97ed765072267,iMzvPQcabcgfhfghkxxxaqjrj_baSBcb
389,K8_188,1,1,"[]",6.66361094119,0.232401658061,8,cc450f83d4b138688e37cdb92c970710,izzzMQcbcffhghghpshpjkofj_baRqb
390,K8_189,1,1,"[]",6.68286677285,0.206321075073,8,f2c3e215eff08c0283bf03a04e39d94a,iMvLAQcabfgehgghjxaaaxwrn_bBShbsib
391,K8_190,1,1,"[]",6.68385819027,0.143660366611,8,7885628cd63b60c50e8dbdb39174468d,iMvLAQcabfgehfghkxhxxqwjw_bBS-bsac
392,K8_191,1,1,"[]",6.69593380819,-0.0400083964975,8,b75f42b8987fc27fac2098095f68216d,iMvwMQcabdehghghjxkaxoiki_bBr2R1
393,K8_192,1,1,"[]",6.71421747167,-0.174844432746,8,d5e58aca71f9c6905b146c9ceded8cea,iMvMzQcabeefghghkxtuusinj_abBS0b
394,K8_193,1,1,"[]",6.721993288,-0.230934206381,8,a61981e33ff86707e4bec4fb15356c44,iwwLPQcacefgghhhjjgsjbeqe_bBJk
395,K8_194,1,1,"[]",6.721993288,-0.185732460286,8,616ef3c5464758860f5080e97e54c4d8,iwwLMQcacefgghhhjjgnjbdxd_bagb
396,K8_195,1,1,"[]",6.72665397305,-0.189563617068,8,6b91e8d47252c424955f0c14f31af680,iMvvQQcabgeehghhjxaarowfw_bBrZRY
397,K8_196,1,1,"[]",6.74141735777,0.0462598154008,8,35b21470efe5e32b00c3074c796c556b,iMvMzQcabeefghghjxluuftrw_bBSJbsKb
398,K8_197,1,1,"[]",6.74501172859,-0.0939280000363,8,790f7558c508ad3a8d636cfc2a273b77,iMzvPQcabchgffghkxhqhhnkj_bBs5cS4c
399,K8_198,1,1,"[]",6.75197109994,-0.0246366547372,8,59e44676fa410538251445dd5238ef98,izzwPQcbdeghghghprpavnrsw_bBeD
400,K8_199,1,1,"[]",6.75197109994,0.0586966785962,8,4650eb620ca4502323c3630763eb1fc4,iwwLAQcacffgghhhjjknffepp_bBab
401,K8_200,1,1,"[]",6.75684607857,0.170288116416,8,daade22a776fb4d4013fa8b76121af37,iwwLAQcacefgghhhkjbcnbdud_abBrB
402,K8_201,1,1,"[]",6.76896710488,0.143252564765,8,1920e6580a3913aa3d983fb522f3355c,iwzAzQcaddeghghhjuttmheas_abBrt
403,K8_202,1,1,"[]",6.76949294485,-0.180670885774,8,9964d414f02b625c508ba9351b84d93e,iwwzMQcacefhhghgjjqnaqxak_baSjbb
404,K8_203,1,1,"[]",6.77081678074,-0.161733527351,8,badaaded65557c4b77512cf03c5c33e2,izvwQQcbdghhfgghxjxxcojjv_banb
405,K8_204,1,1,"[]",6.77494158694,0.102805542159,8,eba57828255d8a85e4484106c189ac04,iwzALQcaddefghhhjuttbilck_abBry
406,K8_205,1,1,"[]",6.77819889005,-0.0212627169723,8,0465e517b0e74f782ecf49084f824345,izzwQPcbdefgfhhhprpxacpqh_baCb
407,K8_206,1,1,"[]",6.77819889005,-0.104596050306,8,8c6c928a689bd3498d0b9fda1e99cf66,iwwLAQcacffgghhhkjknffepp_abBd
408,K8_207,1,1,"[]",6.78027814892,-0.234974618863,8,1dbe410bf95e3c2861c91721905a6c92,iMvMLQcabdfgghhhjxkxkwpex_bar6b
409,K8_208,1,1,"[]",6.78371351984,-0.174862063209,8,f6b7173aa18842d9565f7d08578326a0,izPLzQcbdcfghhghukwanddbe_bBeD
410,K8_209,1,1,"[]",6.78867386891,-0.101905525243,8,e56ed2b115467f44eaba30ce0d8d6d27,iMvwAQcabdefghhhjxkefcxmx_abBSsb
411,K8_210,1,1,"[]",6.83183205293,0.0454911535513,8,80ae7214ac9d982a7599d7382c4084c9,iMvLQMcabfgeefhhjxhahjshw_basObb
412,K8_211,1,1,"[]",6.83340836204,0.0413635710418,8,acecd90d32c8072ad5af70b5cc19d1ca,iwwAwQcacdefghhhjkqaqfosb_bar6b
413,K8_212,1,1,"[]",6.83691790361,-0.195328255993,8,f5b41ee5f1ab66004b926d1aba33318a,iwzAzQcaddeghhghjuttmhmdc_bBR0r1
414,K8_213,1,1,"[]",6.83815882126,0.0642557261408,8,cb593d3dbf953b38f039a1c10f58c5e7,iwwwQPcacdgffhhhkjaqjgagr_bBrSRR
415,K8_214,1,1,"[]",6.83974947123,0.115955999925,8,5ad6a9beb633cfc0d48e38ac1d2b4aff,iwwzPQcaceeggghhjjmkhxdaj_bBSibsjb
416,K8_215,1,1,"[]",6.84765073266,0.138431711522,8,0d7420ed5c9396ce63bb0328976601e2,iwwzPQcacefggghhjjxsumxaj_bBR2r3
417,K8_216,1,1,"[]",6.85460841707,-0.0361942507076,8,00ab44bbbf61879896905ec5c850d8be,iwwwAQcacdgffhhhjkqqjbafo_bBR-sab
418,K8_217,1,1,"[]",6.88274199764,0.0162964027918,8,98bb3bb896192bf5c02a17aa596a2359,izzwQPcbdegfghhhprhdajlpp_bBrERD
419,K8_218,1,1,"[]",6.88460755647,-0.159246173797,8,b1657f39bbb5bf7007310548cc64d3f5,izzPMPcbddfeghhhprwqhxxso_baBb
420,K8_219,1,1,"[]",6.89492015324,0.158322334902,8,6750ccf554a106c183967776ecea629d,iMvMzQcabeefghghkxtuusijj_abBs-b
421,K8_220,1,1,"[]",6.90300129895,-0.188738972529,8,66403bb8e99ba5b51f17e7e21fbb03f9,izwLMQcbcegfhhghxxossamou_abBRJ
422,K8_221,1,1,"[]",6.90425612381,-0.230410568691,8,1b9d1995360a535b55a6de65166b70fe,izzwPQcbdegfhghhprpascbjo_bBEf
423,K8_222,1,1,"[]",6.90425612381,0.147077235358,8,d4932a0b67b2ad0845db3e7616ad403b,iwwLMQcacefgghhhkjgnjbdxd_bajb
424,K8_223,1,1,"[]",6.91812100858,0.0342730242378,8,5eac8cd9c0def375dfa117d9f8ebdbc0,iwvMAQcaefgghhfhkqanjmdjq_abBJ
425,K8_224,1,1,"[]",6.92994955877,0.135650926314,8,5168063c68022d4e9141f77bf17a4d80,iMvvQQcabgehfhhgjxahojnkn_baJb
426,K8_225,1,1,"[]",6.93517692767,0.180105155644,8,cf02a7c041323d9d939af9863094c328,iMvLAQcabfgehfghjxhhxqwws_bastcb
427,K8_226,1,1,"[]",6.93642300866,-0.0712223502835,8,e3ef5aed58c4720df7994145d66ba794,iwwLMQcacfghhghgjjrspubmj_bBgF
428,K8_227,1,1,"[]",6.93932652008,-0.0702787983895,8,36eb048fa728be06a7f51c9fcecf5a69,iwwwPQcacdhfhgghjjqmnquar_baRKb
429,K8_228,1,1,"[]",6.94223657462,-0.102309788852,8,802030bdb8e74b519d03d3e2a1e325cd,iMvLQMcabfgeefhhkxhxarsxk_baS6cb
430,K8_229,1,1,"[]",6.97993625161,-0.00703466791688,8,1f672ce369ce98e470eb0b88b1194672,iwwMzQcacdffgghhkjdcfuufn_abBRZ
431,K8_230,1,1,"[]",6.98874860067,0.12975652896,8,1917fd4847b0a6b87eb05f36cc6e5c59,iMvLQMcabfgeffhhkxhahsjhw_abBa
432,K8_231,1,1,"[]",6.99718914779,0.182078283302,8,865924ecdfd0091c15a7ecd5af26504f,izzwPQcbdefhghghprphvsjgj_bBKl
433,K8_232,1,1,"[]",6.99718914779,0.098744949969,8,256e37e58998a2e20068aca48a95e469,iwwLPQcacefgghhhkjgsjbeqe_bBGh
434,K8_233,1,1,"[]",6.99984586011,-0.236053192141,8,d029688953f0725aada3043b4f221395,iwwwPQcacdhfhgghkjqmnquar_barNb
435,K8_234,1,1,"[]",7.00793591046,0.214168035745,8,3d0451e73845b1b14f78009cc855b9f3,iwwwPQcacdfhhgghkjqjaupmj_baDb
436,K8_235,1,1,"[]",7.00970649669,0.247203872495,8,2c71357705b37c5bc003879e46dd5f9e,iMvLQMcabfgeefhhkxhxarwxk_basXcb
437,K8_236,1,1,"[]",7.0221965891,-0.131958556227,8,ca825e8d778ecaec0ff5c5354935ba7c,iwMLzQcacdffghhhkjlnoeawo_abBF
438,K8_237,1,1,"[]",7.02850411675,0.147945981123,8,20851dc70bc9359161783c7c9812467b,iwvwQQcaefgeghhhkqbjvkkbb_baRAb
439,K8_238,1,1,"[]",7.04599710201,0.236387537356,8,4751e8cd77fad53d0bfb6e52969b1f64,iwwLAQcacfefghhhjjkwsbxxi_bBlK
440,K8_239,1,1,"[]",7.05815727282,-0.21348357098,8,113bcf471e48e4a25d7fc5adc6ce76f4,iMvMLQcabeehhgghkxturbfks_bashbb
441,K8_240,1,1,"[]",7.07184372833,-0.112535388758,8,87166d4b385d203820541f718e43e113,iwwwPQcacdghhhggjjqmpumum_badb
442,K8_241,1,1,"[]",7.08492595351,0.182283190569,8,3fbec16a3d350d9dc52d2a7953ef6293,izwMzQcbcdeghghhuppbadtxb_bBEf
443,K8_242,1,1,"[]",7.08492595351,0.0989498572356,8,581a1c4364243a6d8a3e7fe38f3a3fe6,izzMLQcbdefghhghprlivcsck_bBrrRq
444,K8_243,1,1,"[]",7.09695895402,-0.0480562755073,8,a27377336c25b806a43586c2a7631354,iMvLMQcabegfhhhgjxqavnfcr_barOb
445,K8_244,1,1,"[]",7.10627284138,-0.0307366572119,8,b19930bfdc8534c3f6b7183121ce3d3b,iwwMPMcacdffgghhkjdcfauvj_baR8b
446,K8_245,1,1,"[]",7.11805950146,0.146159093564,8,258a4d4a80252db6cb1a1486d83ae5e1,izzwMQcbdefhghghpredorbbf_abBH
447,K8_246,1,1,"[]",7.12411165065,-0.112407767281,8,eb4b6b313b57a219fe4c1b91c6056851,iwwLMQcacefhghghjjnnendbu_baBb
448,K8_247,1,1,"[]",7.13178236373,0.197282534848,8,6c22f9dbaa8978c075b4b2744f519b71,iwwAwQcacdefghhhkjxahvkjb_bBab
449,K8_248,1,1,"[]",7.1363437974,0.156736353756,8,1cef1cd278313042207aa6f29ba42333,iwwLQMcacfeggfhhjjkwvvbaj_bBrLRK
450,K8_249,1,1,"[]",7.13759478088,-0.122632529539,8,b365928161cb3cc9eb2e1ddfe8ca87f1,iwvMMQcaefegghhhjqarkbdua_abBd
451,K8_250,1,1,"[]",7.14982389816,0.219573308666,8,657cb5c709b7dbb4f11403f34ea165d9,iwvMPQcaefehgfhhjqawxgjqh_abBg
452,K8_251,1,1,"[]",7.15209558373,0.113945196274,8,a51ad29e4a917c7063d27c78106728a6,izwwPQcbceghfhghuxpdxfaeg_bagb
453,K8_252,1,1,"[]",7.16306364788,0.0574338489616,8,611657308e055cdfd804de08dfac2cd4,iwvMMQcaefeghhghjqasjqdkd_bacb
454,K8_253,1,1,"[]",7.1676860374,-0.225667634179,8,66db0d41cbd6346aca89b4b2b72c0913,iMvLPQcabgeehghhjxqxjvvrn_bashbb
455,K8_254,1,1,"[]",7.1699118348,0.128063187375,8,05ae65bc3002b4585c488c41947448a3,iwwALQcacdehghghjgqaqwfjo_bBScbsdb
456,K8_255,1,1,"[]",7.17078919039,-0.0905964301039,8,d99bb6e45f825c8c65efd868041fedd0,iwwLQPcacfefghhhjjkwbspua_baRPb
457,K8_256,1,1,"[]",7.17909238452,0.0555401374479,8,7c81e2af8743a8888c87eec9bb32e81b,iwwMzQcacdffghhhjjqsjidfv_baab
458,K8_257,1,1,"[]",7.1867499468,0.141988492191,8,677269e433c7f8de30789203cfbd6a1f,iMvLMQcabegfhhhgkxqavnfcn_abBI
459,K8_258,1,1,"[]",7.20360076162,0.0242870606654,8,ff8655739d7301a12ae69134c8b4793d,iwMLzQcacdefhghhkjlnoaegf_abBM
460,K8_259,1,1,"[]",7.22303189927,-0.128534286492,8,ca2ac0b4051be915ba97ce58968738e9,iwwLMQcacgfgghhhjjsnjsidx_bBcB
461,K8_260,1,1,"[]",7.22351626586,0.186184089819,8,e85ea2228fe633eb071033ea00f31e06,iwwLAQcacefgghhhkjfnvbxql_abBl
462,K8_261,1,1,"[]",7.22351626586,-0.230482576848,8,4ddc29cbb75abaa1b0c735e4d35ea860,iwwLQMcacefgfghhkjfnrcbmn_baNb
463,K8_262,1,1,"[]",7.238539469,0.221729516908,8,807d127ffc97ece78729957af3fc21e3,iwwLMQcacefhghghkjnnendbu_balb
464,K8_263,1,1,"[]",7.23965207589,0.190237262617,8,373c7d9268bad96611a016ccbf3f8e2f,iwwLMQcaceffghhhkjfnwbpax_bBKl
465,K8_264,1,1,"[]",7.23965207589,0.106903929284,8,b8455e6ea79527996f8e9141e430c74f,iwwLQMcacefgfghhkjfnrcbmj_baob
466,K8_265,1,1,"[]",7.24432035087,0.0842930479753,8,e7a2c837f07ab34bf11e7d166ec666e6,izzMLQcbcdfghhghpsklnttbp_badb
467,K8_266,1,1,"[]",7.25134938407,0.187454295191,8,fd37737e884e6dc8c2d8238f994548f2,iwwMwQcacdefghghkjqoohqnn_bBSubsvb
468,K8_267,1,1,"[]",7.26661819814,0.0710135126366,8,915ca43af9d80e59ed9b9c84d171804c,iwLAwQcadedfhghhjqqxnlqwk_basdbb
469,K8_268,1,1,"[]",7.26711903086,0.0838502368663,8,cd499713f0f681b1232980a34a12aa70,iMvMLQcabdfgghhhjxkhwnetx_abBJ
470,K8_269,1,1,"[]",7.27299664657,0.130014744673,8,714ee04ea0e7fff57606d7c5204e0028,izvLQQcbeghfghghxmiemovwo_baBb
471,K8_270,1,1,"[]",7.27389711989,0.00408734025075,8,afd4db46c5df556bd42e761e5bd9b1d1,iwwLAQcacgfeghhhkjsnsvemm_abBf
472,K8_271,1,1,"[]",7.27641787192,0.211081993798,8,441fac2c81ef30615bf2d466def65c53,iwvAMQcaeddhgghhkaqwqjgii_abBR6
473,K8_272,1,1,"[]",7.34318403938,0.122643208116,8,cee01d7727731a0e3d144028f9ffdd1f,iMvvQQcabgehfhhgkxahojnkr_baab
474,K8_273,1,1,"[]",7.35466563101,0.0845112183745,8,a8b84f0d45ac2bcc7038fcf9ee81feda,iwvAMQcaeddhgghhkaqwqkgii_bBrsRr
475,K8_274,1,1,"[]",7.36565647223,-0.109335344801,8,0f6b6668757c33ba856c3dbbfb88bed9,izvwQQcbdghgfhhgxjaqwwbbg_baib
476,K8_275,1,1,"[]",7.37434388931,0.190025634701,8,2cc36c18714ebedeaf55cccb41065242,izvAMQcbdfggghhhpftposjoj_barvb
477,K8_276,1,1,"[]",7.37434388931,0.143307698632,8,9963bbff13854a172602b377ac90bd0b,izvMPQcbedfhhgghphwtvkvwk_bBrzRy
478,K8_277,1,1,"[]",7.37434388931,-0.226641031965,8,eb974af6d432e84531c4c77e9ce40580,izvMPQcbedfhhgghuhwtvkvwk_abBB
479,K8_278,1,1,"[]",7.39160111762,0.243060695204,8,12c8d43e8ebcbf0a7c75277b942ae224,iwwLQPcacfefghhhkjkwbspua_barIb
480,K8_279,1,1,"[]",7.39753978338,-0.186425747017,8,3ae8ada52572adc75852f9dfba620668,izvwQQcbehgfghhgxaeexvnrw_bBrsRr
481,K8_280,1,1,"[]",7.40676757237,0.0238339242703,8,4a29ad8602206df9cf6a1bab7db88e24,izzvQQcbdegffhhhxgxlokvnj_bacb
482,K8_281,1,1,"[]",7.40676757237,-0.059499409063,8,089213f7c9c93a62f4875bb7a9526ab1,izzzMQcbcefgfhhhxbqxvrvks_bBeD
483,K8_282,1,1,"[]",7.41855582597,-0.178626163289,8,eeafca9a663949db9fb8adc334f94cb4,iwwMwQcacdefghghkjqoohxns_bBsHbSGb
484,K8_283,1,1,"[]",7.42878117151,0.113222018791,8,620abc492a1564b9efcf48bc14bd2761,iwvAMQcaeddhhgghkaqwqxgbh_bBoN
485,K8_284,1,1,"[]",7.44224011757,-0.248948665303,8,6b126d7f245086498fc1f5747e7385b1,iwvAQPcaedfgghhhkqxgjkpuu_bBhG
486,K8_285,1,1,"[]",7.44483641963,0.194273630266,8,16b57217f4a2f2744fa55df36d5b1fcb,ivPzMQccedfhghghwobptunfv_abBn
487,K8_286,1,1,"[]",7.45715190612,-0.0892420465056,8,d28d4bae7ccffafc42ba69218363b4c4,iwvAQPcaedfgghhhjqxgjkpuu_bBFg
488,K8_287,1,1,"[]",7.46958375921,0.231100622405,8,f2c4c551ae043ef9cb96ea89a1c8d4eb,iwwLMQcacefhfghhjjcnhsjld_babb
489,K8_288,1,1,"[]",7.47523742951,0.0725348961014,8,1287d429b7b3bc109c053585ecd22d7f,izwMzQcbcdeghghhpppbadtxb_bBhG
490,K8_289,1,1,"[]",7.50860402801,0.00599792329634,8,b8b1ba0362eb95a05faab5a4df9df0e2,iwwwPQcacdfhhgghjjqjpupmj_barKb
491,K8_290,1,1,"[]",7.54412536083,-0.16833600263,8,5422803a76a53ffbad14625ce3ce8e01,izvAPQcbdfghfghhxjumjovfb_bBrMRL
492,K8_291,1,1,"[]",7.58818022364,1.57484755347e-16,8,1cdd5fd5607fedd67c8a91c449fc4b51,izzwAQcbddeghghhprbqwxcte_bBcB
493,K8_292,1,1,"[]",7.60156668809,-0.195866111629,8,f4f75e3f5b29cd1c0d912ec1aa34769f,izvAPQcbdfhhgghgurpxgnwvf_babb
494,K8_293,1,1,"[]",7.62886496273,-0.0482764461809,8,5c336ad87d17da78d5c4acf484afec77,iwvAMQcaedghfghhkqxbdsbdq_bBCd
495,K8_294,1,1,"[]",7.64337517236,-0.132985599884,8,3efbf266c1f3e39a6154e43d728aa8e1,izzzPQcbdfhgghghigiibjnos_bBdC
496,K8_295,1,1,"[]",7.6686157617,-0.0545425069182,8,25d1c4ccbe889942a0c7cb924dc8110d,iwwPzQcaceffhghhkjxksxqwb_bBGh
497,K8_296,1,1,"[]",7.67112253864,-0.166827632209,8,af9e98cebc4ff8fc35814af0c20d03d8,iwvAQPcaefgfeghhjqpbkobhj_bBr+R9
498,K8_297,1,1,"[]",7.7544537602,0.0208294425978,8,ccafcadc5f33589496c041f06cf9717d,ivPwMQccdegfhhghsskeltnsv_bBBc
499,K8_298,1,1,"[]",7.76181566419,-0.00773724070986,8,c22186af0080b5d2e94bd4cc936933b1,iwwAwQcacdefhghhkjaqqfows_bBSDbsEb
500,K8_299,1,1,"[]",7.76601233611,-0.233419188291,8,61aaaecdb1860bbc49db9a5018e20736,ivzzQQccgefhfghhwacpxmaww_abBRs
501,K8_300,1,1,"[]",7.76601233611,-0.0999141450423,8,7c13bbfb76097a45b3debd655b2d97f9,izvPPQcbfeghhghgupidtkvvn_baRCb
502,K8_301,1,1,"[]",7.76601233611,-0.183247478376,8,20c76699a0e869baebd7500aea7703dc,izvzQQcbfgheghhguphtpoonn_baGb
